code,name,url
002925,盈趣科技,http://stockpage.10jqka.com.cn/002925/
603466,风语筑,http://stockpage.10jqka.com.cn/603466/
603444,吉比特,http://stockpage.10jqka.com.cn/603444/
300628,亿联网络,http://stockpage.10jqka.com.cn/300628/
601012,隆基股份,http://stockpage.10jqka.com.cn/601012/
603619,中曼石油,http://stockpage.10jqka.com.cn/603619/
300690,双一科技,http://stockpage.10jqka.com.cn/300690/
600566,济川药业,http://stockpage.10jqka.com.cn/600566/
300113,顺网科技,http://stockpage.10jqka.com.cn/300113/
300707,威唐工业,http://stockpage.10jqka.com.cn/300707/
300709,精研科技,http://stockpage.10jqka.com.cn/300709/
300679,电连技术,http://stockpage.10jqka.com.cn/300679/
603096,新经典,http://stockpage.10jqka.com.cn/603096/
002918,蒙娜丽莎,http://stockpage.10jqka.com.cn/002918/
300144,宋城演艺,http://stockpage.10jqka.com.cn/300144/
300244,迪安诊断,http://stockpage.10jqka.com.cn/300244/
603685,晨丰科技,http://stockpage.10jqka.com.cn/603685/
300072,三聚环保,http://stockpage.10jqka.com.cn/300072/
300336,新文化,http://stockpage.10jqka.com.cn/300336/
300115,长盈精密,http://stockpage.10jqka.com.cn/300115/
603161,科华控股,http://stockpage.10jqka.com.cn/603161/
300476,胜宏科技,http://stockpage.10jqka.com.cn/300476/
002850,科达利,http://stockpage.10jqka.com.cn/002850/
600651,飞乐音响,http://stockpage.10jqka.com.cn/600651/
002273,水晶光电,http://stockpage.10jqka.com.cn/002273/
300432,富临精工,http://stockpage.10jqka.com.cn/300432/
000065,北方国际,http://stockpage.10jqka.com.cn/000065/
002120,韵达股份,http://stockpage.10jqka.com.cn/002120/
603686,龙马环卫,http://stockpage.10jqka.com.cn/603686/
002354,天神娱乐,http://stockpage.10jqka.com.cn/002354/
002831,裕同科技,http://stockpage.10jqka.com.cn/002831/
300100,双林股份,http://stockpage.10jqka.com.cn/300100/
300596,利安隆,http://stockpage.10jqka.com.cn/300596/
002179,中航光电,http://stockpage.10jqka.com.cn/002179/
600201,生物股份,http://stockpage.10jqka.com.cn/600201/
300636,同和药业,http://stockpage.10jqka.com.cn/300636/
603686,龙马环卫,http://stockpage.10jqka.com.cn/603686/
300097,智云股份,http://stockpage.10jqka.com.cn/300097/
603239,浙江仙通,http://stockpage.10jqka.com.cn/603239/
300274,阳光电源,http://stockpage.10jqka.com.cn/300274/
600487,亨通光电,http://stockpage.10jqka.com.cn/600487/
300230,永利股份,http://stockpage.10jqka.com.cn/300230/
002626,金达威,http://stockpage.10jqka.com.cn/002626/
300097,智云股份,http://stockpage.10jqka.com.cn/300097/
300484,蓝海华腾,http://stockpage.10jqka.com.cn/300484/
603306,华懋科技,http://stockpage.10jqka.com.cn/603306/
002768,国恩股份,http://stockpage.10jqka.com.cn/002768/
300658,延江股份,http://stockpage.10jqka.com.cn/300658/
002271,东方雨虹,http://stockpage.10jqka.com.cn/002271/
300237,美晨生态,http://stockpage.10jqka.com.cn/300237/
300274,阳光电源,http://stockpage.10jqka.com.cn/300274/
600704,物产中大,http://stockpage.10jqka.com.cn/600704/
300145,中金环境,http://stockpage.10jqka.com.cn/300145/
300040,九洲电气,http://stockpage.10jqka.com.cn/300040/
000429,粤高速A,http://stockpage.10jqka.com.cn/000429/
002221,东华能源,http://stockpage.10jqka.com.cn/002221/
600522,中天科技,http://stockpage.10jqka.com.cn/600522/
300438,鹏辉能源,http://stockpage.10jqka.com.cn/300438/
002074,国轩高科,http://stockpage.10jqka.com.cn/002074/
002589,瑞康医药,http://stockpage.10jqka.com.cn/002589/
000676,智度股份,http://stockpage.10jqka.com.cn/000676/
002468,申通快递,http://stockpage.10jqka.com.cn/002468/
601567,三星医疗,http://stockpage.10jqka.com.cn/601567/
000034,神州数码,http://stockpage.10jqka.com.cn/000034/
000540,中天金融,http://stockpage.10jqka.com.cn/000540/
002366,台海核电,http://stockpage.10jqka.com.cn/002366/
002517,恺英网络,http://stockpage.10jqka.com.cn/002517/
002739,万达电影,http://stockpage.10jqka.com.cn/002739/
002815,崇达技术,http://stockpage.10jqka.com.cn/002815/
300323,华灿光电,http://stockpage.10jqka.com.cn/300323/
600466,蓝光发展,http://stockpage.10jqka.com.cn/600466/
603929,亚翔集成,http://stockpage.10jqka.com.cn/603929/
600758,红阳能源,http://stockpage.10jqka.com.cn/600758/
600900,长江电力,http://stockpage.10jqka.com.cn/600900/
002039,黔源电力,http://stockpage.10jqka.com.cn/002039/
600260,凯乐科技,http://stockpage.10jqka.com.cn/600260/
002601,龙蟒佰利,http://stockpage.10jqka.com.cn/002601/
000418,小天鹅A,http://stockpage.10jqka.com.cn/000418/
300695,兆丰股份,http://stockpage.10jqka.com.cn/300695/
000625,长安汽车,http://stockpage.10jqka.com.cn/000625/
002680,长生生物,http://stockpage.10jqka.com.cn/002680/
002717,岭南园林,http://stockpage.10jqka.com.cn/002717/
600708,光明地产,http://stockpage.10jqka.com.cn/600708/
601238,广汽集团,http://stockpage.10jqka.com.cn/601238/
300296,利亚德,http://stockpage.10jqka.com.cn/300296/
603507,振江股份,http://stockpage.10jqka.com.cn/603507/
002581,未名医药,http://stockpage.10jqka.com.cn/002581/
600816,安信信托,http://stockpage.10jqka.com.cn/600816/
000887,中鼎股份,http://stockpage.10jqka.com.cn/000887/
002573,清新环境,http://stockpage.10jqka.com.cn/002573/
600240,华业资本,http://stockpage.10jqka.com.cn/600240/
002092,中泰化学,http://stockpage.10jqka.com.cn/002092/
603179,新泉股份,http://stockpage.10jqka.com.cn/603179/
600641,万业企业,http://stockpage.10jqka.com.cn/600641/
002466,天齐锂业,http://stockpage.10jqka.com.cn/002466/
002714,牧原股份,http://stockpage.10jqka.com.cn/002714/
600606,绿地控股,http://stockpage.10jqka.com.cn/600606/
002450,康得新,http://stockpage.10jqka.com.cn/002450/
000989,九芝堂,http://stockpage.10jqka.com.cn/000989/
300600,瑞特股份,http://stockpage.10jqka.com.cn/300600/
002019,亿帆医药,http://stockpage.10jqka.com.cn/002019/
600167,联美控股,http://stockpage.10jqka.com.cn/600167/
600340,华夏幸福,http://stockpage.10jqka.com.cn/600340/
002624,完美世界,http://stockpage.10jqka.com.cn/002624/
600093,易见股份,http://stockpage.10jqka.com.cn/600093/
603898,好莱客,http://stockpage.10jqka.com.cn/603898/
000028,国药一致,http://stockpage.10jqka.com.cn/000028/
002202,金风科技,http://stockpage.10jqka.com.cn/002202/
002841,视源股份,http://stockpage.10jqka.com.cn/002841/
002460,赣锋锂业,http://stockpage.10jqka.com.cn/002460/
600419,天润乳业,http://stockpage.10jqka.com.cn/600419/
601318,中国平安,http://stockpage.10jqka.com.cn/601318/
002833,弘亚数控,http://stockpage.10jqka.com.cn/002833/
300203,聚光科技,http://stockpage.10jqka.com.cn/300203/
